id,predicted_state,predicted_intensity,confidence,uncertain_flag,what_to_do,when_to_do
1,focused,3.0,0.7102973269190713,False,journaling,tonight
2,restless,3.0,0.5723744561210141,False,journaling,tonight
3,calm,3.0,0.6727512230510807,False,journaling,tonight
4,neutral,2.0,0.4266580868907397,False,journaling,tonight
5,overwhelmed,5.0,0.6467588288187236,False,breathing,now
6,calm,3.0,0.8362250227696311,False,journaling,tonight
7,neutral,2.0,0.8152500068952891,False,journaling,tonight
8,restless,4.0,0.7989925311175208,False,journaling,tonight
9,restless,4.0,0.7139350823716203,False,journaling,tonight
10,focused,3.0,0.6975000766522217,False,journaling,tonight
11,restless,4.0,0.5142236467960025,False,journaling,tonight
12,focused,3.0,0.49034020862800554,False,journaling,tonight
13,mixed,2.0,0.6651002799416899,False,journaling,tonight
14,restless,4.0,0.549340593395622,False,breathing,now
15,calm,3.0,0.7042660556123367,False,journaling,tonight
16,focused,3.0,0.47529120098805105,False,journaling,tonight
17,mixed,3.0,0.829950150494789,False,journaling,tonight
18,overwhelmed,4.0,0.6472137526952468,False,breathing,now
19,focused,4.0,0.6099366510509897,False,journaling,tonight
20,focused,3.0,0.5534001766136825,False,journaling,tonight
21,mixed,3.0,0.6656819355926527,False,journaling,tonight
22,overwhelmed,4.0,0.672895657186017,False,journaling,tonight
23,overwhelmed,4.0,0.682365658149613,False,breathing,now
24,mixed,4.0,0.7503905717726395,False,journaling,tonight
25,overwhelmed,4.0,0.5882789611297086,False,journaling,tonight
26,neutral,2.0,0.49962364114122876,False,journaling,tonight
27,focused,4.0,0.5683454847715084,False,journaling,tonight
28,overwhelmed,3.0,0.26406881856581466,False,journaling,tonight
29,focused,4.0,0.5718292465087497,False,journaling,tonight
30,calm,3.0,0.8345144392074056,False,journaling,tonight
31,overwhelmed,4.0,0.5178806449143297,False,breathing,now
32,calm,4.0,0.6241337276456542,False,journaling,tonight
33,focused,3.0,0.5114524596150762,False,journaling,tonight
34,neutral,2.0,0.7135964767239554,False,journaling,tonight
35,focused,3.0,0.6105327185637083,False,journaling,tonight
36,neutral,2.0,0.7213229619908436,False,journaling,tonight
37,mixed,4.0,0.5031428710281286,False,journaling,tonight
38,overwhelmed,5.0,0.5675402145760592,False,breathing,now
39,calm,3.0,0.8690833322075697,False,journaling,tonight
40,neutral,2.0,0.43891873109217694,False,journaling,tonight
41,neutral,2.0,0.5235493674313044,False,journaling,tonight
42,mixed,4.0,0.5203708853742933,False,journaling,tonight
43,focused,3.0,0.6975000766522217,False,journaling,tonight
44,restless,3.0,0.6659727677514959,False,journaling,tonight
45,restless,4.0,0.6858315949081487,False,journaling,tonight
46,mixed,3.0,0.5136466110694856,False,journaling,tonight
47,calm,4.0,0.6881207848325157,False,journaling,tonight
48,neutral,2.0,0.5847445107725378,False,journaling,tonight
49,calm,3.0,0.7111147844869551,False,journaling,tonight
50,restless,4.0,0.8233875129669931,False,breathing,now
51,neutral,2.0,0.8128652645771424,False,journaling,tonight
52,mixed,4.0,0.7842826459168427,False,journaling,tonight
53,calm,3.0,0.7086293771553043,False,journaling,tonight
54,overwhelmed,4.0,0.7528309233234358,False,breathing,now
55,calm,3.0,0.8690833322075697,False,journaling,tonight
56,calm,3.0,0.6425982909199426,False,journaling,tonight
57,calm,3.0,0.6831501803890433,False,journaling,tonight
58,restless,4.0,0.4042878928028643,False,breathing,now
59,focused,3.0,0.6148927273030708,False,journaling,tonight
60,neutral,3.0,0.455551744014641,False,journaling,tonight
61,restless,3.0,0.7750727793898187,False,journaling,tonight
62,mixed,4.0,0.6261069109959488,False,journaling,tonight
63,overwhelmed,5.0,0.6054065803587644,False,breathing,now
64,focused,2.0,0.5563387613276887,False,journaling,tonight
65,mixed,3.0,0.6641421171783223,False,journaling,tonight
66,calm,4.0,0.8317191356044163,False,journaling,tonight
67,restless,4.0,0.4653091029190331,False,journaling,tonight
68,focused,4.0,0.5922586963228359,False,journaling,tonight
69,overwhelmed,4.0,0.5833187595510239,False,breathing,now
70,calm,3.0,0.8742595983335648,False,journaling,tonight
71,overwhelmed,4.0,0.6419990273251045,False,breathing,now
72,overwhelmed,4.0,0.4879039839035248,False,journaling,tonight
73,neutral,2.0,0.634487193505663,False,journaling,tonight
74,neutral,2.0,0.7562336459958481,False,journaling,tonight
75,restless,4.0,0.7754354415491067,False,journaling,tonight
76,neutral,2.0,0.5555593392519185,False,journaling,tonight
77,mixed,3.0,0.6337722080488155,False,journaling,tonight
78,mixed,3.0,0.7167714393635534,False,journaling,tonight
79,mixed,3.0,0.46595725489597295,False,journaling,tonight
80,focused,3.0,0.7098730065823708,False,journaling,tonight
81,calm,3.0,0.7042660556123367,False,journaling,tonight
82,focused,4.0,0.5111078162441814,False,journaling,tonight
83,focused,4.0,0.568576006162414,False,journaling,tonight
84,calm,3.0,0.7086293771553043,False,journaling,tonight
85,overwhelmed,4.0,0.5421551695343405,False,breathing,now
86,calm,2.0,0.8695345363896614,False,journaling,tonight
87,mixed,3.0,0.7735298185240178,False,journaling,tonight
88,neutral,2.0,0.7398286789067687,False,journaling,tonight
89,restless,4.0,0.7989925311175208,False,journaling,tonight
90,restless,4.0,0.5679899048193515,False,journaling,tonight
91,neutral,1.0,0.42346661811377023,False,journaling,tonight
92,neutral,1.0,0.5292377091012145,False,journaling,tonight
93,restless,4.0,0.7692177589683726,False,journaling,tonight
94,restless,4.0,0.6573106242504219,False,journaling,tonight
95,neutral,2.0,0.5616721287741632,False,journaling,tonight
96,restless,4.0,0.7707136736091915,False,journaling,tonight
97,mixed,2.0,0.8529502929516923,False,journaling,tonight
98,restless,4.0,0.5868233501886286,False,journaling,tonight
99,focused,2.0,0.549901804764777,False,journaling,tonight
100,mixed,2.0,0.36837771396656216,False,journaling,tonight
101,mixed,4.0,0.7283922616108686,False,journaling,tonight
102,calm,3.0,0.7054896383834193,False,journaling,tonight
103,restless,3.0,0.5860016353863057,False,journaling,tonight
104,calm,3.0,0.6971586734167515,False,journaling,tonight
105,overwhelmed,4.0,0.8412817701285472,False,breathing,now
106,restless,4.0,0.8233875129669931,False,breathing,now
107,focused,3.0,0.7101470079388034,False,journaling,tonight
108,mixed,4.0,0.7711702009510737,False,journaling,tonight
109,calm,3.0,0.5542206964773918,False,journaling,tonight
110,focused,3.0,0.3872448590484717,False,journaling,tonight
111,mixed,3.0,0.6685056767905198,False,journaling,tonight
112,calm,3.0,0.6969660934826648,False,journaling,tonight
113,overwhelmed,4.0,0.6089321255345386,False,journaling,tonight
114,calm,4.0,0.8708853606435598,False,journaling,tonight
115,overwhelmed,4.0,0.6504782524937358,False,breathing,now
116,neutral,2.0,0.7586198548875704,False,journaling,tonight
117,overwhelmed,5.0,0.4724053467988701,False,breathing,now
118,overwhelmed,4.0,0.5169716681275327,False,journaling,tonight
119,restless,4.0,0.47962468230521527,False,journaling,tonight
120,calm,3.0,0.63341579795359,False,journaling,tonight
121,mixed,5.0,0.4331417963606943,False,breathing,now
122,neutral,2.0,0.6609965737637968,False,journaling,tonight
123,overwhelmed,2.0,0.6739548401742067,False,journaling,tonight
124,mixed,1.0,0.7580582873226533,False,journaling,tonight
125,neutral,3.0,0.6407440174046379,False,journaling,tonight
126,calm,5.0,0.6541066925056993,False,breathing,now
127,overwhelmed,4.0,0.724258103560008,False,journaling,tonight
128,neutral,3.0,0.6250295946914335,False,journaling,tonight
129,neutral,3.0,0.624658053528786,False,journaling,tonight
130,restless,3.0,0.6572096869069647,False,journaling,tonight
131,focused,3.0,0.659677234441804,False,journaling,tonight
132,neutral,4.0,0.6830076801070023,False,journaling,tonight
133,overwhelmed,2.0,0.6677467096188139,False,journaling,tonight
134,focused,2.0,0.7997575260036563,False,journaling,tonight
135,focused,3.0,0.8263644152155164,False,journaling,tonight
136,focused,1.0,0.6227262187322733,False,journaling,tonight
137,neutral,2.0,0.7610383360187912,False,journaling,tonight
138,restless,3.0,0.7731265048562671,False,journaling,tonight
139,calm,2.0,0.7098132405779883,False,journaling,tonight
140,calm,3.0,0.729831057058436,False,journaling,tonight
141,calm,4.0,0.6970537366615253,False,journaling,tonight
142,neutral,4.0,0.7414352472156852,False,breathing,now
143,mixed,2.0,0.6878466619800759,False,journaling,tonight
144,focused,2.0,0.5734471175127483,False,journaling,tonight
145,calm,2.0,0.7508242095528964,False,journaling,tonight
146,mixed,3.0,0.5966631609352582,False,journaling,tonight
147,neutral,3.0,0.727742149755994,False,journaling,tonight
148,focused,3.0,0.6723948587008172,False,journaling,tonight
149,focused,3.0,0.5648456256248168,False,journaling,tonight
150,focused,3.0,0.7634105352887803,False,journaling,tonight
151,neutral,2.0,0.6279882121989405,False,journaling,tonight
152,restless,3.0,0.6196230723610625,False,journaling,tonight
153,neutral,4.0,0.6657604025056677,False,journaling,tonight
154,neutral,3.0,0.6296993140346875,False,journaling,tonight
155,mixed,2.0,0.7864229142388596,False,journaling,tonight
156,overwhelmed,2.0,0.5279229953811071,False,journaling,tonight
157,neutral,2.0,0.677227132524609,False,journaling,tonight
158,calm,3.0,0.3867754878515429,False,journaling,tonight
159,calm,4.0,0.27533499281344126,False,journaling,tonight
160,overwhelmed,2.0,0.6447969207181629,False,journaling,tonight
161,overwhelmed,3.0,0.7167895399969761,False,journaling,tonight
162,mixed,3.0,0.7789421978841692,False,journaling,tonight
163,mixed,4.0,0.5826931308921577,False,breathing,now
164,neutral,4.0,0.6153282924253891,False,journaling,tonight
165,calm,2.0,0.7045389098790604,False,journaling,tonight
166,focused,3.0,0.6504111822106331,False,journaling,tonight
167,restless,1.0,0.6141506807929119,False,journaling,tonight
168,overwhelmed,1.0,0.5861159257286608,False,journaling,tonight
169,neutral,3.0,0.6558530879575126,False,journaling,tonight
170,neutral,2.0,0.761504002741811,False,journaling,tonight
171,mixed,2.0,0.6335942949307299,False,journaling,tonight
172,focused,2.0,0.7140392950047714,False,journaling,tonight
173,mixed,3.0,0.7789421978841692,False,journaling,tonight
174,calm,3.0,0.6914255536105556,False,journaling,tonight
175,overwhelmed,2.0,0.44919693558402357,False,journaling,tonight
176,restless,4.0,0.39476440355764025,False,journaling,tonight
177,overwhelmed,4.0,0.6179865048237103,False,journaling,tonight
178,calm,4.0,0.42077108190682616,False,breathing,now
179,overwhelmed,3.0,0.7366407833778644,False,journaling,tonight
180,mixed,4.0,0.6431972236916013,False,breathing,now
181,mixed,3.0,0.7429965383564978,False,journaling,tonight
182,mixed,3.0,0.7398921890557711,False,journaling,tonight
183,calm,2.0,0.6811278913718277,False,journaling,tonight
184,mixed,4.0,0.5669097186973399,False,breathing,now
185,restless,5.0,0.6475193192435555,False,breathing,now
186,calm,4.0,0.6886391550215956,False,journaling,tonight
187,mixed,4.0,0.6458650903685116,False,breathing,now
188,overwhelmed,3.0,0.5426853043067597,False,journaling,tonight
189,neutral,4.0,0.6489063651887729,False,breathing,now
190,focused,2.0,0.7267273218492103,False,journaling,tonight
191,focused,4.0,0.6145293463345033,False,breathing,now
192,calm,2.0,0.5969165576335498,False,journaling,tonight
193,overwhelmed,4.0,0.6035149130828487,False,breathing,now
194,overwhelmed,3.0,0.7356739281350319,False,journaling,tonight
195,focused,4.0,0.5575378572290303,False,journaling,tonight
196,mixed,3.0,0.6324380500802218,False,journaling,tonight
197,overwhelmed,4.0,0.6318643281352508,False,journaling,tonight
198,mixed,2.0,0.766615099046754,False,journaling,tonight
199,calm,4.0,0.6600558989705334,False,journaling,tonight
200,calm,3.0,0.6571945131590889,False,journaling,tonight
201,calm,3.0,0.7331943136991894,False,journaling,tonight
202,neutral,4.0,0.6656518115455435,False,breathing,now
203,overwhelmed,2.0,0.6121074211085168,False,journaling,tonight
204,calm,4.0,0.7331616732795613,False,breathing,now
205,restless,3.0,0.752164765562431,False,journaling,tonight
206,restless,2.0,0.3795263669812009,False,journaling,tonight
207,overwhelmed,3.0,0.514369154206448,False,journaling,tonight
208,restless,4.0,0.7432633120717371,False,journaling,tonight
209,focused,3.0,0.5115510693637874,False,journaling,tonight
210,overwhelmed,3.0,0.4182121281200115,False,journaling,tonight
211,focused,3.0,0.7468160589520826,False,journaling,tonight
212,mixed,2.0,0.7979665880863012,False,journaling,tonight
213,mixed,4.0,0.7005116910062738,False,journaling,tonight
214,neutral,2.0,0.7213814902831182,False,journaling,tonight
215,mixed,2.0,0.7014393618010382,False,journaling,tonight
216,calm,4.0,0.6549883367819429,False,breathing,now
217,restless,4.0,0.5681811018029252,False,journaling,tonight
218,restless,4.0,0.7432633120717371,False,journaling,tonight
219,mixed,3.0,0.765210570865851,False,journaling,tonight
220,calm,4.0,0.6685965920207332,False,journaling,tonight
221,restless,3.0,0.5223962470008929,False,journaling,tonight
222,mixed,2.0,0.7410143510134051,False,journaling,tonight
223,calm,4.0,0.6887727731600163,False,journaling,tonight
224,calm,4.0,0.6616455381286069,False,journaling,tonight
225,focused,3.0,0.7334871852542699,False,journaling,tonight
226,restless,5.0,0.7693766153557715,False,breathing,now
227,calm,5.0,0.7850769496408927,False,breathing,now
228,mixed,4.0,0.7061036160582009,False,breathing,now
229,restless,3.0,0.6079022990826128,False,journaling,tonight
230,neutral,4.0,0.6830076801070023,False,journaling,tonight
231,overwhelmed,3.0,0.7449425655694503,False,journaling,tonight
232,overwhelmed,2.0,0.6258110552971184,False,journaling,tonight
233,focused,4.0,0.6940004175953255,False,breathing,now
234,restless,4.0,0.7644783761858065,False,journaling,tonight
235,restless,1.0,0.6135139725949953,False,journaling,tonight
236,overwhelmed,4.0,0.705420678650758,False,journaling,tonight
237,focused,2.0,0.7023238344024723,False,journaling,tonight
238,restless,2.0,0.2684160637661332,False,journaling,tonight
239,neutral,3.0,0.6610656640675334,False,journaling,tonight
240,overwhelmed,3.0,0.7228713238298786,False,journaling,tonight
241,neutral,3.0,0.6068497396192926,False,journaling,tonight
242,calm,2.0,0.6168736180980969,False,journaling,tonight
243,focused,4.0,0.5009127037877725,False,journaling,tonight
244,calm,4.0,0.6969245105908329,False,journaling,tonight
245,focused,4.0,0.6288436831831252,False,journaling,tonight
246,calm,3.0,0.7047335196881672,False,journaling,tonight
247,mixed,3.0,0.6480758565060256,False,journaling,tonight
248,overwhelmed,2.0,0.5259961224177163,False,journaling,tonight
249,mixed,3.0,0.6807471110191744,False,journaling,tonight
250,overwhelmed,2.0,0.5623359169783858,False,journaling,tonight
251,neutral,4.0,0.6160589005402962,False,journaling,tonight
252,calm,2.0,0.5545146760713939,False,journaling,tonight
253,overwhelmed,3.0,0.7434244761419164,False,journaling,tonight
254,overwhelmed,2.0,0.5477380966656518,False,journaling,tonight
255,restless,3.0,0.7322743292194224,False,journaling,tonight
256,calm,4.0,0.42205018519392057,False,breathing,now
257,restless,3.0,0.8068137459356076,False,journaling,tonight
258,mixed,4.0,0.6940153073420512,False,journaling,tonight
259,focused,3.0,0.5725025481012916,False,journaling,tonight
260,restless,2.0,0.5533434672347401,False,journaling,tonight
261,focused,3.0,0.7634105352887803,False,journaling,tonight
262,restless,3.0,0.8016080591676819,False,journaling,tonight
263,calm,3.0,0.6935328190009653,False,journaling,tonight
264,overwhelmed,3.0,0.4238580809448114,False,journaling,tonight
265,focused,1.0,0.6482269212608317,False,journaling,tonight
266,neutral,3.0,0.6793771898640729,False,journaling,tonight
267,restless,2.0,0.7720011871198604,False,journaling,tonight
268,mixed,2.0,0.7472819128761301,False,journaling,tonight
269,calm,4.0,0.61230779608199,False,journaling,tonight
270,mixed,4.0,0.689320529705913,False,journaling,tonight
271,neutral,2.0,0.6605809297526115,False,journaling,tonight
272,calm,4.0,0.7755035833146007,False,journaling,tonight
273,neutral,4.0,0.7566618731420982,False,journaling,tonight
274,focused,2.0,0.7390334546770979,False,journaling,tonight
275,focused,4.0,0.688255948483991,False,journaling,tonight
276,restless,2.0,0.6425418697414856,False,journaling,tonight
277,neutral,3.0,0.6315805704010296,False,journaling,tonight
278,focused,2.0,0.8045760876016816,False,journaling,tonight
279,calm,4.0,0.6466852305665701,False,journaling,tonight
280,neutral,3.0,0.6296993140346875,False,journaling,tonight
281,mixed,2.0,0.512961820879713,False,journaling,tonight
282,restless,4.0,0.6347104547276998,False,journaling,tonight
283,focused,3.0,0.8213012462039887,False,journaling,tonight
284,mixed,3.0,0.5418944821619546,False,journaling,tonight
285,calm,2.0,0.4574652191690687,False,journaling,tonight
286,neutral,4.0,0.67960946976521,False,journaling,tonight
287,overwhelmed,4.0,0.7046011710913862,False,journaling,tonight
288,neutral,4.0,0.7211028671519552,False,journaling,tonight
289,calm,2.0,0.5904176553374166,False,journaling,tonight
290,neutral,3.0,0.7508998925422771,False,journaling,tonight
291,mixed,2.0,0.7641793029435087,False,journaling,tonight
292,overwhelmed,4.0,0.745298676764022,False,journaling,tonight
293,restless,4.0,0.7422555701649888,False,journaling,tonight
294,calm,4.0,0.569834853829587,False,journaling,tonight
295,mixed,2.0,0.685216266673032,False,journaling,tonight
296,overwhelmed,1.0,0.6192628350260154,False,journaling,tonight
297,neutral,4.0,0.6079634040040275,False,breathing,now
298,mixed,3.0,0.67493079074045,False,journaling,tonight
299,focused,4.0,0.688255948483991,False,journaling,tonight
300,calm,2.0,0.5634856212264066,False,journaling,tonight
301,calm,4.0,0.6896041936006824,False,journaling,tonight
302,focused,4.0,0.6789395348748711,False,journaling,tonight
303,neutral,2.0,0.6591943021451359,False,journaling,tonight
304,calm,3.0,0.5232429382345221,False,journaling,tonight
305,focused,2.0,0.5689824461368832,False,journaling,tonight
306,neutral,4.0,0.5940242862458475,False,journaling,tonight
307,calm,4.0,0.6705129083275506,False,breathing,now
308,focused,4.0,0.6087411536747545,False,journaling,tonight
309,calm,4.0,0.4182245020563845,False,breathing,now
310,neutral,3.0,0.6610656640675334,False,journaling,tonight
311,neutral,3.0,0.6712203878334834,False,journaling,tonight
312,mixed,3.0,0.7524248266367729,False,journaling,tonight
313,neutral,4.0,0.6347664402673264,False,breathing,now
314,neutral,4.0,0.7564752944986837,False,journaling,tonight
315,overwhelmed,3.0,0.677914075887111,False,journaling,tonight
316,calm,4.0,0.8058064833833705,False,breathing,now
317,neutral,3.0,0.7354817537470908,False,journaling,tonight
318,mixed,3.0,0.6440446734291507,False,journaling,tonight
319,neutral,3.0,0.7226747304138422,False,journaling,tonight
320,neutral,2.0,0.5713569982616464,False,journaling,tonight
321,neutral,3.0,0.6885962181746528,False,journaling,tonight
322,focused,4.0,0.7124144808419773,False,journaling,tonight
323,calm,3.0,0.5494351002210646,False,journaling,tonight
324,calm,2.0,0.7173282676552544,False,journaling,tonight
325,focused,4.0,0.4794163917917513,False,breathing,now
326,neutral,2.0,0.6706023815179565,False,journaling,tonight
327,overwhelmed,2.0,0.5888916491991695,False,journaling,tonight
328,overwhelmed,4.0,0.6751403469874744,False,journaling,tonight
329,overwhelmed,4.0,0.7336205247833119,False,breathing,now
330,overwhelmed,2.0,0.7209326627338849,False,journaling,tonight
331,focused,3.0,0.6406402011947266,False,journaling,tonight
332,neutral,4.0,0.6107244560030416,False,breathing,now
333,neutral,4.0,0.7211028671519552,False,journaling,tonight
334,neutral,2.0,0.7105584381187243,False,journaling,tonight
335,focused,2.0,0.7186704864263982,False,journaling,tonight
336,calm,3.0,0.7341952499337483,False,journaling,tonight
337,restless,2.0,0.4105506102447921,False,journaling,tonight
338,restless,3.0,0.5223962470008929,False,journaling,tonight
339,overwhelmed,4.0,0.7407489166504623,False,breathing,now
340,neutral,3.0,0.7056471323296232,False,journaling,tonight
341,restless,3.0,0.6696030704420846,False,journaling,tonight
342,restless,5.0,0.7431333340917865,False,breathing,now
343,focused,3.0,0.629951450623072,False,journaling,tonight
344,restless,4.0,0.7908270961803027,False,breathing,now
345,restless,2.0,0.409779525252162,False,journaling,tonight
346,calm,4.0,0.7331616732795613,False,breathing,now
347,calm,2.0,0.5197103784641026,False,journaling,tonight
348,calm,4.0,0.7070240967508599,False,journaling,tonight
349,restless,4.0,0.7253396936627783,False,journaling,tonight
350,mixed,4.0,0.620351930628743,False,journaling,tonight
351,mixed,2.0,0.5668477128263189,False,journaling,tonight
352,calm,4.0,0.5839312315946661,False,journaling,tonight
353,restless,3.0,0.5748319930248419,False,journaling,tonight
354,overwhelmed,3.0,0.4439495631426148,False,journaling,tonight
355,overwhelmed,2.0,0.5934957964489939,False,journaling,tonight
356,mixed,2.0,0.595192344203495,False,journaling,tonight
357,overwhelmed,5.0,0.6942462028518815,False,breathing,now
358,calm,4.0,0.6031729231559041,False,journaling,tonight
359,focused,2.0,0.7255814146419386,False,journaling,tonight
360,overwhelmed,4.0,0.6066357300208962,False,journaling,tonight
361,neutral,2.0,0.677227132524609,False,journaling,tonight
362,calm,4.0,0.5880763923435623,False,journaling,tonight
363,calm,2.0,0.570104518748682,False,journaling,tonight
364,overwhelmed,2.0,0.7162316539485755,False,journaling,tonight
365,overwhelmed,3.0,0.6859071167000116,False,journaling,tonight
366,neutral,2.0,0.6404641217553765,False,journaling,tonight
367,neutral,2.0,0.7240251372376226,False,journaling,tonight
368,calm,4.0,0.6251081459970024,False,breathing,now
369,focused,1.0,0.6088410044166637,False,journaling,tonight
370,mixed,3.0,0.5609327486161575,False,journaling,tonight
371,mixed,1.0,0.6075609684025773,False,journaling,tonight
372,focused,4.0,0.6285818852545713,False,journaling,tonight
373,neutral,1.0,0.7514866860290528,False,journaling,tonight
374,mixed,3.0,0.7654912872705648,False,journaling,tonight
375,neutral,2.0,0.7269177784444357,False,journaling,tonight
376,mixed,1.0,0.6403388886147654,False,journaling,tonight
377,focused,4.0,0.5903007666976527,False,breathing,now
378,calm,3.0,0.3566435935227117,False,journaling,tonight
379,focused,1.0,0.718804151805977,False,journaling,tonight
380,calm,3.0,0.6571945131590889,False,journaling,tonight
381,calm,2.0,0.33727193046619786,False,journaling,tonight
382,calm,3.0,0.40681005838369927,False,journaling,tonight
383,focused,2.0,0.6443651433499537,False,journaling,tonight
384,restless,3.0,0.5268449159057963,False,journaling,tonight
385,neutral,3.0,0.6755600343864163,False,journaling,tonight
386,neutral,3.0,0.6213309575561017,False,journaling,tonight
387,restless,3.0,0.6537025262671506,False,journaling,tonight
388,neutral,4.0,0.6580349453751683,False,journaling,tonight
389,overwhelmed,3.0,0.5937385438771591,False,journaling,tonight
390,overwhelmed,5.0,0.6942462028518815,False,breathing,now
391,calm,2.0,0.4892590626841593,False,journaling,tonight
392,focused,1.0,0.7792793936725835,False,journaling,tonight
393,focused,4.0,0.655143639850432,False,breathing,now
394,calm,2.0,0.642906424591871,False,journaling,tonight
395,restless,4.0,0.652937639891055,False,breathing,now
396,restless,3.0,0.7705578002961119,False,journaling,tonight
397,restless,4.0,0.652937639891055,False,breathing,now
398,overwhelmed,3.0,0.6572294634254494,False,journaling,tonight
399,calm,3.0,0.6390288514476474,False,journaling,tonight
400,focused,4.0,0.5609025107144087,False,journaling,tonight
401,overwhelmed,4.0,0.6427405011860264,False,journaling,tonight
402,neutral,4.0,0.6568241236673765,False,journaling,tonight
403,focused,3.0,0.8559808329227848,False,journaling,tonight
404,focused,2.0,0.7407029807596569,False,journaling,tonight
405,focused,1.0,0.6723851475650606,False,journaling,tonight
406,overwhelmed,2.0,0.7600481257552094,False,journaling,tonight
407,neutral,2.0,0.6547643325851594,False,journaling,tonight
408,overwhelmed,4.0,0.7483339055503174,False,journaling,tonight
409,mixed,2.0,0.7123808514151047,False,journaling,tonight
410,mixed,3.0,0.6605054559955928,False,journaling,tonight
411,calm,3.0,0.6342748676257633,False,journaling,tonight
412,mixed,4.0,0.6297979558676198,False,breathing,now
413,restless,3.0,0.5087216480603848,False,journaling,tonight
414,neutral,2.0,0.7244036138727602,False,journaling,tonight
415,focused,4.0,0.5944397629287118,False,journaling,tonight
416,restless,4.0,0.7480480967831823,False,breathing,now
417,overwhelmed,4.0,0.35415396643459635,False,journaling,tonight
418,restless,4.0,0.45657935704619373,False,journaling,tonight
419,restless,4.0,0.6895183808150379,False,journaling,tonight
420,focused,3.0,0.7634105352887803,False,journaling,tonight
421,restless,2.0,0.45234024979079507,False,journaling,tonight
422,mixed,1.0,0.7595118133909897,False,journaling,tonight
423,restless,4.0,0.38786781091317674,False,journaling,tonight
424,mixed,2.0,0.58771043220548,False,journaling,tonight
425,calm,4.0,0.4696691497081869,False,breathing,now
426,focused,3.0,0.5705901840134329,False,journaling,tonight
427,focused,4.0,0.5589654199122428,False,journaling,tonight
428,focused,3.0,0.6478788914443172,False,journaling,tonight
429,overwhelmed,2.0,0.5888916491991695,False,journaling,tonight
430,neutral,4.0,0.748164403076348,False,journaling,tonight
431,mixed,3.0,0.707848932674036,False,journaling,tonight
432,neutral,2.0,0.7764321821807406,False,journaling,tonight
433,focused,4.0,0.500769296279485,False,journaling,tonight
434,neutral,3.0,0.7213040660504652,False,journaling,tonight
435,neutral,2.0,0.7050053687508365,False,journaling,tonight
436,restless,2.0,0.3560915919602558,False,journaling,tonight
437,restless,4.0,0.36402610671781477,False,breathing,now
438,overwhelmed,4.0,0.6439417817488008,False,breathing,now
439,neutral,2.0,0.5846225471924128,False,journaling,tonight
440,restless,4.0,0.373885260561291,False,journaling,tonight
441,neutral,4.0,0.7039135038817353,False,breathing,now
442,mixed,2.0,0.7131670591748325,False,journaling,tonight
443,mixed,3.0,0.6800764750007195,False,journaling,tonight
444,focused,4.0,0.5409942209191182,False,breathing,now
445,restless,2.0,0.6490430766324099,False,journaling,tonight
446,restless,2.0,0.36909022475857334,False,journaling,tonight
447,restless,3.0,0.5671219774951793,False,journaling,tonight
448,calm,3.0,0.6354069874771404,False,journaling,tonight
449,focused,2.0,0.7390334546770979,False,journaling,tonight
450,restless,3.0,0.7828309499776486,False,journaling,tonight
451,neutral,4.0,0.7275312322513467,False,journaling,tonight
452,overwhelmed,4.0,0.4352124881409899,False,journaling,tonight
453,mixed,2.0,0.7094216133870522,False,journaling,tonight
454,neutral,4.0,0.7323458821888649,False,breathing,now
455,calm,5.0,0.7500555649540702,False,breathing,now
456,mixed,4.0,0.6440228696132064,False,journaling,tonight
457,mixed,3.0,0.6606808309900478,False,journaling,tonight
458,restless,4.0,0.603189868487106,False,journaling,tonight
459,focused,3.0,0.7311290786100664,False,journaling,tonight
460,calm,2.0,0.6978703874702678,False,journaling,tonight
461,restless,2.0,0.7320331015367609,False,journaling,tonight
462,neutral,2.0,0.6527860359607404,False,journaling,tonight
463,neutral,2.0,0.5876040040774826,False,journaling,tonight
464,neutral,1.0,0.7514866860290528,False,journaling,tonight
465,calm,4.0,0.7615139717144849,False,journaling,tonight
466,neutral,2.0,0.7269177784444357,False,journaling,tonight
467,restless,3.0,0.7372308880393246,False,journaling,tonight
468,overwhelmed,3.0,0.6561718693445393,False,journaling,tonight
469,overwhelmed,2.0,0.6013501339771818,False,journaling,tonight
470,restless,2.0,0.48727866063963154,False,journaling,tonight
471,restless,3.0,0.7409610854841872,False,journaling,tonight
472,focused,2.0,0.637719034958032,False,journaling,tonight
473,calm,2.0,0.579780197430763,False,journaling,tonight
474,overwhelmed,3.0,0.6379966763285259,False,journaling,tonight
475,overwhelmed,4.0,0.7131746663062375,False,journaling,tonight
476,mixed,4.0,0.6301687647597729,False,breathing,now
477,overwhelmed,3.0,0.6859071167000116,False,journaling,tonight
478,overwhelmed,2.0,0.6198851638667489,False,journaling,tonight
479,mixed,4.0,0.6929484362484083,False,breathing,now
480,calm,3.0,0.7341952499337483,False,journaling,tonight
481,restless,2.0,0.4620367939857718,False,journaling,tonight
482,focused,2.0,0.2394064409844475,False,journaling,tonight
483,focused,1.0,0.364349408465953,False,journaling,tonight
484,restless,3.0,0.2246490392849327,False,journaling,tonight
485,restless,2.0,0.2814753031506345,False,journaling,tonight
486,focused,3.0,0.30378976792073764,False,journaling,tonight
487,overwhelmed,4.0,0.5390955309882237,False,journaling,tonight
488,restless,3.0,0.27601284861657716,False,journaling,tonight
489,focused,2.0,0.221322682812023,False,journaling,tonight
490,mixed,4.0,0.22069895646545296,False,journaling,tonight
491,mixed,4.0,0.20704681437934247,False,breathing,now
492,calm,4.0,0.33813005937281265,False,journaling,tonight
493,calm,2.0,0.21222003814384408,False,journaling,tonight
494,overwhelmed,2.0,0.4341085815238851,False,journaling,tonight
495,mixed,2.0,0.2681487048409933,False,journaling,tonight
496,calm,4.0,0.20856435945578494,False,breathing,now
497,neutral,2.0,0.23561859277181899,False,journaling,tonight
498,focused,3.0,0.30378976792073764,False,journaling,tonight
499,mixed,3.0,0.20456191464472906,False,journaling,tonight
500,mixed,3.0,0.2591005004649826,False,journaling,tonight
501,focused,3.0,0.27458384080385784,False,journaling,tonight
502,neutral,2.0,0.30190075799357624,False,journaling,tonight
503,calm,2.0,0.22798985334539618,False,journaling,tonight
504,calm,3.0,0.23734242783108817,False,journaling,tonight
505,calm,4.0,0.33813005937281265,False,journaling,tonight
506,restless,3.0,0.3047822676902984,False,journaling,tonight
507,restless,4.0,0.29237857274844165,False,journaling,tonight
508,mixed,4.0,0.20704681437934247,False,breathing,now
509,restless,4.0,0.30043596652108817,False,journaling,tonight
510,mixed,3.0,0.29866578863830334,False,journaling,tonight
511,restless,3.0,0.23759847217558366,False,journaling,tonight
512,restless,4.0,0.29237857274844165,False,journaling,tonight
513,restless,2.0,0.34460316767730625,False,journaling,tonight
514,calm,4.0,0.20856435945578494,False,breathing,now
515,overwhelmed,2.0,0.4341085815238851,False,journaling,tonight
516,calm,2.0,0.2481170042440877,False,journaling,tonight
517,calm,3.0,0.21755359017144843,False,journaling,tonight
518,focused,4.0,0.2518393003365389,False,journaling,tonight
519,calm,4.0,0.33813005937281265,False,journaling,tonight
520,focused,3.0,0.20489567188151694,False,journaling,tonight
521,focused,2.0,0.46755537949660203,False,journaling,tonight
522,focused,3.0,0.20489567188151694,False,journaling,tonight
523,calm,3.0,0.23867697544136876,False,journaling,tonight
524,overwhelmed,4.0,0.5390955309882237,False,journaling,tonight
525,restless,2.0,0.23362469678184614,False,journaling,tonight
526,neutral,4.0,0.29769495505075394,False,breathing,now
527,focused,4.0,0.2781293892872745,False,journaling,tonight
528,restless,3.0,0.23759847217558366,False,journaling,tonight
529,restless,3.0,0.33677943389801357,False,journaling,tonight
530,calm,3.0,0.21726128533860262,False,journaling,tonight
531,restless,4.0,0.2864254468382723,False,breathing,now
532,restless,3.0,0.23759847217558366,False,journaling,tonight
533,neutral,4.0,0.21966724287406517,False,journaling,tonight
534,overwhelmed,3.0,0.2868068950333105,False,journaling,tonight
535,calm,2.0,0.289614051316404,False,journaling,tonight
536,restless,3.0,0.20648351854351424,False,journaling,tonight
537,restless,1.0,0.30168746018959897,False,journaling,tonight
538,mixed,2.0,0.24661405486720525,False,journaling,tonight
539,neutral,4.0,0.22261070942843506,False,breathing,now
540,calm,3.0,0.27655139316126026,False,journaling,tonight
541,overwhelmed,3.0,0.40109562596554343,False,journaling,tonight
542,focused,4.0,0.2745703084424186,False,journaling,tonight
543,restless,3.0,0.33677943389801357,False,journaling,tonight
544,neutral,3.0,0.2928674326798418,False,journaling,tonight
545,neutral,3.0,0.2993369263100107,False,journaling,tonight
546,calm,3.0,0.28193102654014696,False,journaling,tonight
547,overwhelmed,3.0,0.2476303138007339,False,journaling,tonight
548,calm,2.0,0.289614051316404,False,journaling,tonight
549,calm,4.0,0.27312667898003906,False,journaling,tonight
550,calm,3.0,0.27655139316126026,False,journaling,tonight
551,restless,2.0,0.2814753031506345,False,journaling,tonight
552,neutral,2.0,0.2753133010591742,False,journaling,tonight
553,neutral,2.0,0.2528205074608498,False,journaling,tonight
554,calm,2.0,0.289614051316404,False,journaling,tonight
555,neutral,3.0,0.2541319246239758,False,journaling,tonight
556,restless,3.0,0.2481184364607295,False,journaling,tonight
557,focused,3.0,0.22681658727826293,False,journaling,tonight
558,mixed,3.0,0.2650451837758203,False,journaling,tonight
559,calm,4.0,0.2773811135783985,False,breathing,now
560,restless,3.0,0.19900086638628375,False,journaling,tonight
561,calm,2.0,0.289614051316404,False,journaling,tonight
562,focused,2.0,0.23955621794611495,False,journaling,tonight
563,restless,4.0,0.30552244425364633,False,journaling,tonight
564,focused,3.0,0.30378976792073764,False,journaling,tonight
565,mixed,3.0,0.22376316592435375,False,journaling,tonight
566,neutral,3.0,0.3294732324189191,False,journaling,tonight
567,overwhelmed,3.0,0.259701083837765,False,journaling,tonight
568,focused,2.0,0.30667238859646384,False,journaling,tonight
569,restless,4.0,0.30043596652108817,False,journaling,tonight
570,restless,3.0,0.33677943389801357,False,journaling,tonight
571,mixed,4.0,0.3430929957372735,False,journaling,tonight
572,restless,4.0,0.25377924282873254,False,journaling,tonight
573,restless,2.0,0.23661915857412938,False,journaling,tonight
574,calm,4.0,0.2729543034753566,False,breathing,now
575,restless,4.0,0.25377924282873254,False,journaling,tonight
576,calm,3.0,0.24416681802531007,False,journaling,tonight
577,calm,3.0,0.21726128533860262,False,journaling,tonight
578,restless,3.0,0.24861178164316153,False,journaling,tonight
579,overwhelmed,4.0,0.23347376948198947,False,journaling,tonight
580,mixed,2.0,0.2430237477925213,False,journaling,tonight
581,calm,2.0,0.32680516031386353,False,journaling,tonight
582,mixed,3.0,0.20050807546074875,False,journaling,tonight
583,focused,3.0,0.23336430419799895,False,journaling,tonight
584,focused,3.0,0.37338995087500226,False,journaling,tonight
585,neutral,2.0,0.2528205074608498,False,journaling,tonight
586,calm,4.0,0.29797229864237174,False,journaling,tonight
587,focused,3.0,0.27458384080385784,False,journaling,tonight
588,focused,3.0,0.2712703066467933,False,journaling,tonight
589,calm,4.0,0.31929790223991406,False,breathing,now
590,focused,2.0,0.23955621794611495,False,journaling,tonight
591,neutral,3.0,0.29234474149473855,False,journaling,tonight
592,calm,3.0,0.28193102654014696,False,journaling,tonight
593,calm,2.0,0.22798985334539618,False,journaling,tonight
594,mixed,4.0,0.3219838061203712,False,journaling,tonight
595,focused,2.0,0.24530056966772765,False,journaling,tonight
596,restless,3.0,0.33677943389801357,False,journaling,tonight
597,focused,4.0,0.20465477939048207,False,journaling,tonight
598,calm,3.0,0.3474923129329857,False,journaling,tonight
599,restless,3.0,0.27601284861657716,False,journaling,tonight
600,calm,2.0,0.23087371582173918,False,journaling,tonight
601,overwhelmed,3.0,0.2783446861974324,False,journaling,tonight
602,calm,3.0,0.39299571516200255,False,journaling,tonight
603,calm,4.0,0.3069983727302112,False,breathing,now
604,restless,3.0,0.27601284861657716,False,journaling,tonight
605,neutral,2.0,0.2753133010591742,False,journaling,tonight
606,calm,3.0,0.21726128533860262,False,journaling,tonight
607,restless,3.0,0.27601284861657716,False,journaling,tonight
608,mixed,3.0,0.29866578863830334,False,journaling,tonight
609,restless,3.0,0.19900086638628375,False,journaling,tonight
610,mixed,4.0,0.22851030763786845,False,journaling,tonight
611,calm,3.0,0.24416681802531007,False,journaling,tonight
612,neutral,3.0,0.2768983149379178,False,journaling,tonight
613,overwhelmed,3.0,0.24436628699232352,False,journaling,tonight
614,calm,3.0,0.23734242783108817,False,journaling,tonight
615,calm,3.0,0.27655139316126026,False,journaling,tonight
616,focused,1.0,0.364349408465953,False,journaling,tonight
617,overwhelmed,3.0,0.22443404086248225,False,journaling,tonight
618,restless,4.0,0.29237857274844165,False,journaling,tonight
619,overwhelmed,3.0,0.2868068950333105,False,journaling,tonight
620,focused,2.0,0.24530056966772765,False,journaling,tonight
621,mixed,4.0,0.27041399085189016,False,breathing,now
622,calm,4.0,0.2506862997927913,False,breathing,now
623,neutral,3.0,0.24518142519740876,False,journaling,tonight
624,calm,4.0,0.3183859678742779,False,journaling,tonight
625,focused,2.0,0.34910332605465416,False,journaling,tonight
626,calm,2.0,0.289614051316404,False,journaling,tonight
627,neutral,2.0,0.2753133010591742,False,journaling,tonight
628,restless,3.0,0.37519464804462566,False,journaling,tonight
629,overwhelmed,2.0,0.4341085815238851,False,journaling,tonight
630,focused,3.0,0.20489567188151694,False,journaling,tonight
631,restless,2.0,0.19353329888419563,False,journaling,tonight
632,restless,3.0,0.23759847217558366,False,journaling,tonight
633,restless,2.0,0.23661915857412938,False,journaling,tonight
634,neutral,2.0,0.2753133010591742,False,journaling,tonight
635,mixed,4.0,0.3281861944371603,False,journaling,tonight
636,restless,4.0,0.2641361765022975,False,breathing,now
637,focused,3.0,0.20489567188151694,False,journaling,tonight
638,calm,2.0,0.42652442914453426,False,journaling,tonight
639,restless,2.0,0.23362469678184614,False,journaling,tonight
640,overwhelmed,3.0,0.259701083837765,False,journaling,tonight
641,focused,4.0,0.20465477939048207,False,journaling,tonight
642,restless,2.0,0.3031248097537678,False,journaling,tonight
643,focused,1.0,0.26927327992595396,False,journaling,tonight
644,restless,3.0,0.27601284861657716,False,journaling,tonight
645,restless,3.0,0.27601284861657716,False,journaling,tonight
646,restless,2.0,0.23765078665859024,False,journaling,tonight
647,restless,3.0,0.29154856026614107,False,journaling,tonight
648,calm,3.0,0.21726128533860262,False,journaling,tonight
649,overwhelmed,3.0,0.22443404086248225,False,journaling,tonight
650,restless,4.0,0.30043596652108817,False,journaling,tonight
651,restless,2.0,0.23362469678184614,False,journaling,tonight
652,restless,2.0,0.2764098931834809,False,journaling,tonight
653,neutral,2.0,0.236487422589307,False,journaling,tonight
654,restless,2.0,0.2764098931834809,False,journaling,tonight
655,restless,3.0,0.2481184364607295,False,journaling,tonight
656,calm,4.0,0.3294830410971757,False,breathing,now
657,restless,3.0,0.27601284861657716,False,journaling,tonight
658,restless,3.0,0.35049240379172486,False,journaling,tonight
659,focused,3.0,0.3313452871901202,False,journaling,tonight
660,mixed,3.0,0.29866578863830334,False,journaling,tonight
661,calm,4.0,0.2506862997927913,False,breathing,now
662,focused,3.0,0.26987947759045783,False,journaling,tonight
663,mixed,3.0,0.2403631793951078,False,journaling,tonight
664,restless,3.0,0.27601284861657716,False,journaling,tonight
665,restless,4.0,0.29237857274844165,False,journaling,tonight
666,restless,4.0,0.33386924387431693,False,journaling,tonight
667,restless,3.0,0.2760452620847082,False,journaling,tonight
668,neutral,3.0,0.29234474149473855,False,journaling,tonight
669,restless,3.0,0.23759847217558366,False,journaling,tonight
670,calm,3.0,0.21726128533860262,False,journaling,tonight
671,calm,3.0,0.2686730208142286,False,journaling,tonight
672,calm,3.0,0.23867697544136876,False,journaling,tonight
673,calm,3.0,0.21726128533860262,False,journaling,tonight
674,mixed,4.0,0.2700160373502277,False,journaling,tonight
675,focused,3.0,0.3313452871901202,False,journaling,tonight
676,neutral,2.0,0.2528205074608498,False,journaling,tonight
677,calm,3.0,0.27655139316126026,False,journaling,tonight
678,restless,4.0,0.2484267727670885,False,breathing,now
679,focused,3.0,0.20489567188151694,False,journaling,tonight
680,calm,2.0,0.42652442914453426,False,journaling,tonight
681,restless,3.0,0.33677943389801357,False,journaling,tonight
682,focused,3.0,0.4197428538132276,False,journaling,tonight
683,calm,2.0,0.21036002545011984,False,journaling,tonight
684,mixed,2.0,0.2430237477925213,False,journaling,tonight
685,neutral,2.0,0.31434743696602874,False,journaling,tonight
686,focused,2.0,0.23955621794611495,False,journaling,tonight
687,calm,4.0,0.29797229864237174,False,journaling,tonight
688,calm,4.0,0.3069983727302112,False,breathing,now
689,focused,1.0,0.26927327992595396,False,journaling,tonight
690,calm,4.0,0.33813005937281265,False,journaling,tonight
691,calm,4.0,0.20856435945578494,False,breathing,now
692,mixed,4.0,0.20704681437934247,False,breathing,now
693,calm,3.0,0.24786630735931595,False,journaling,tonight
694,calm,2.0,0.2383112761580111,False,journaling,tonight
695,focused,2.0,0.46755537949660203,False,journaling,tonight
696,calm,5.0,0.3051346697973348,False,breathing,now
697,calm,4.0,0.23289256756807722,False,journaling,tonight
698,calm,2.0,0.289614051316404,False,journaling,tonight
699,mixed,4.0,0.22069895646545296,False,journaling,tonight
700,mixed,4.0,0.2551392244870245,False,breathing,now
701,calm,4.0,0.3069983727302112,False,breathing,now
702,restless,3.0,0.27601284861657716,False,journaling,tonight
703,neutral,3.0,0.21507008165197716,False,journaling,tonight
704,focused,3.0,0.35732231581354207,False,journaling,tonight
705,restless,3.0,0.27601284861657716,False,journaling,tonight
706,calm,2.0,0.3406688338840919,False,journaling,tonight
707,calm,3.0,0.26500729294049835,False,journaling,tonight
708,overwhelmed,3.0,0.24436628699232352,False,journaling,tonight
709,neutral,2.0,0.2782683796764801,False,journaling,tonight
710,focused,3.0,0.3313452871901202,False,journaling,tonight
711,calm,3.0,0.39299571516200255,False,journaling,tonight
712,restless,3.0,0.37519464804462566,False,journaling,tonight
713,focused,2.0,0.30667238859646384,False,journaling,tonight
714,restless,4.0,0.30552244425364633,False,journaling,tonight
715,focused,1.0,0.26927327992595396,False,journaling,tonight
716,calm,4.0,0.3069983727302112,False,breathing,now
717,calm,2.0,0.26081049981699556,False,journaling,tonight
718,calm,4.0,0.3069983727302112,False,breathing,now
719,focused,1.0,0.23332305442121357,False,journaling,tonight
720,mixed,3.0,0.2403631793951078,False,journaling,tonight
721,restless,3.0,0.23659078757646015,False,journaling,tonight
722,restless,4.0,0.2682472897900533,False,breathing,now
723,calm,3.0,0.27655139316126026,False,journaling,tonight
724,restless,4.0,0.25377924282873254,False,journaling,tonight
725,restless,1.0,0.22829300419889256,False,journaling,tonight
726,calm,3.0,0.21726128533860262,False,journaling,tonight
727,overwhelmed,3.0,0.2868068950333105,False,journaling,tonight
728,overwhelmed,3.0,0.24436628699232352,False,journaling,tonight
729,restless,2.0,0.23362469678184614,False,journaling,tonight
730,restless,2.0,0.4098769590146862,False,journaling,tonight
731,mixed,2.0,0.2430237477925213,False,journaling,tonight
732,calm,3.0,0.27655139316126026,False,journaling,tonight
733,restless,3.0,0.33677943389801357,False,journaling,tonight
734,mixed,3.0,0.28981973474140665,False,journaling,tonight
735,calm,3.0,0.21726128533860262,False,journaling,tonight
736,calm,3.0,0.21726128533860262,False,journaling,tonight
737,calm,2.0,0.42652442914453426,False,journaling,tonight
738,mixed,4.0,0.20704681437934247,False,breathing,now
739,calm,2.0,0.20274953671877302,False,journaling,tonight
740,focused,3.0,0.27458384080385784,False,journaling,tonight
741,overwhelmed,4.0,0.3254000723507628,False,journaling,tonight
742,focused,3.0,0.30378976792073764,False,journaling,tonight
743,focused,3.0,0.34428362833239007,False,journaling,tonight
744,focused,4.0,0.2781293892872745,False,journaling,tonight
745,overwhelmed,2.0,0.2679573879385519,False,journaling,tonight
746,overwhelmed,2.0,0.4341085815238851,False,journaling,tonight
747,focused,2.0,0.23955621794611495,False,journaling,tonight
748,focused,2.0,0.2352671398079748,False,journaling,tonight
749,calm,2.0,0.20933511270988095,False,journaling,tonight
750,focused,3.0,0.30378976792073764,False,journaling,tonight
751,restless,3.0,0.33677943389801357,False,journaling,tonight
752,restless,2.0,0.4098769590146862,False,journaling,tonight
753,calm,3.0,0.21726128533860262,False,journaling,tonight
754,restless,3.0,0.24688424302705653,False,journaling,tonight
755,overwhelmed,3.0,0.2868068950333105,False,journaling,tonight
756,restless,3.0,0.19900086638628375,False,journaling,tonight
757,mixed,2.0,0.2445250368259963,False,journaling,tonight
758,calm,4.0,0.23289256756807722,False,journaling,tonight
759,focused,4.0,0.2781293892872745,False,journaling,tonight
760,restless,3.0,0.23759847217558366,False,journaling,tonight
761,restless,4.0,0.29237857274844165,False,journaling,tonight
762,overwhelmed,3.0,0.2868068950333105,False,journaling,tonight
763,calm,3.0,0.2394738384781635,False,journaling,tonight
764,calm,4.0,0.3183859678742779,False,journaling,tonight
765,restless,2.0,0.23124636981722183,False,journaling,tonight
766,mixed,3.0,0.29866578863830334,False,journaling,tonight
767,focused,3.0,0.25003898121179363,False,journaling,tonight
768,calm,5.0,0.3051346697973348,False,breathing,now
769,calm,4.0,0.2957885147671126,False,breathing,now
770,calm,2.0,0.22798985334539618,False,journaling,tonight
771,restless,4.0,0.30552244425364633,False,journaling,tonight
772,overwhelmed,4.0,0.35741883434088545,False,breathing,now
773,overwhelmed,2.0,0.4341085815238851,False,journaling,tonight
774,focused,4.0,0.307795464730634,False,journaling,tonight
775,restless,3.0,0.27601284861657716,False,journaling,tonight
776,focused,2.0,0.23955621794611495,False,journaling,tonight
777,focused,3.0,0.22681658727826293,False,journaling,tonight
778,calm,3.0,0.27655139316126026,False,journaling,tonight
779,mixed,2.0,0.250929981899906,False,journaling,tonight
780,calm,4.0,0.29797229864237174,False,journaling,tonight
781,focused,2.0,0.23955621794611495,False,journaling,tonight
782,calm,2.0,0.21036002545011984,False,journaling,tonight
783,calm,3.0,0.26500729294049835,False,journaling,tonight
784,restless,3.0,0.2415854369889427,False,journaling,tonight
785,focused,2.0,0.23955621794611495,False,journaling,tonight
786,mixed,4.0,0.22069895646545296,False,journaling,tonight
787,restless,2.0,0.23362469678184614,False,journaling,tonight
788,calm,2.0,0.289614051316404,False,journaling,tonight
789,neutral,2.0,0.26722523185990577,False,journaling,tonight
790,calm,3.0,0.21726128533860262,False,journaling,tonight
791,restless,2.0,0.2221330631078001,False,journaling,tonight
792,calm,4.0,0.3069983727302112,False,breathing,now
793,overwhelmed,3.0,0.2868068950333105,False,journaling,tonight
794,restless,3.0,0.3526688392634624,False,journaling,tonight
795,focused,3.0,0.30378976792073764,False,journaling,tonight
796,restless,2.0,0.23661915857412938,False,journaling,tonight
797,focused,3.0,0.34428362833239007,False,journaling,tonight
798,mixed,3.0,0.29866578863830334,False,journaling,tonight
799,restless,4.0,0.29237857274844165,False,journaling,tonight
800,neutral,2.0,0.23561859277181899,False,journaling,tonight
801,restless,2.0,0.2814753031506345,False,journaling,tonight
802,restless,3.0,0.3404435236911044,False,journaling,tonight
803,restless,2.0,0.23495427975382135,False,journaling,tonight
804,overwhelmed,3.0,0.40109562596554343,False,journaling,tonight
805,overwhelmed,3.0,0.2868068950333105,False,journaling,tonight
806,mixed,3.0,0.29866578863830334,False,journaling,tonight
807,restless,2.0,0.2221330631078001,False,journaling,tonight
808,mixed,4.0,0.29963562072188465,False,journaling,tonight
809,calm,3.0,0.36047738056715006,False,journaling,tonight
810,focused,2.0,0.23955621794611495,False,journaling,tonight
811,restless,4.0,0.29237857274844165,False,journaling,tonight
812,neutral,3.0,0.21507008165197716,False,journaling,tonight
813,calm,3.0,0.3474923129329857,False,journaling,tonight
814,focused,3.0,0.34428362833239007,False,journaling,tonight
815,restless,2.0,0.2221330631078001,False,journaling,tonight
816,calm,2.0,0.22798985334539618,False,journaling,tonight
817,focused,4.0,0.2781293892872745,False,journaling,tonight
818,focused,3.0,0.30378976792073764,False,journaling,tonight
819,neutral,2.0,0.23561859277181899,False,journaling,tonight
820,calm,4.0,0.29797229864237174,False,journaling,tonight
821,calm,3.0,0.24416681802531007,False,journaling,tonight
822,calm,2.0,0.289614051316404,False,journaling,tonight
823,neutral,3.0,0.21507008165197716,False,journaling,tonight
824,focused,2.0,0.221322682812023,False,journaling,tonight
825,mixed,4.0,0.2770690857310391,False,journaling,tonight
826,calm,3.0,0.21726128533860262,False,journaling,tonight
827,focused,2.0,0.23955621794611495,False,journaling,tonight
828,calm,4.0,0.33813005937281265,False,journaling,tonight
829,overwhelmed,4.0,0.24692834373742778,False,breathing,now
830,focused,3.0,0.4197428538132276,False,journaling,tonight
831,calm,3.0,0.3413885609624873,False,journaling,tonight
832,restless,3.0,0.24861178164316153,False,journaling,tonight
833,focused,4.0,0.2518393003365389,False,journaling,tonight
834,mixed,3.0,0.26087510246962126,False,journaling,tonight
835,restless,4.0,0.25377924282873254,False,journaling,tonight
836,restless,3.0,0.20648351854351424,False,journaling,tonight
837,focused,3.0,0.4197428538132276,False,journaling,tonight
838,focused,3.0,0.25003898121179363,False,journaling,tonight
839,restless,2.0,0.2814753031506345,False,journaling,tonight
840,restless,3.0,0.23759847217558366,False,journaling,tonight
721,neutral,3.0,0.7154299300788465,False,journaling,tonight
722,mixed,3.0,0.3080661999742701,False,journaling,tonight
723,restless,3.0,0.6273897010179776,False,journaling,tonight
724,mixed,2.0,0.570576275207836,False,journaling,tonight
725,neutral,4.0,0.49991582893285275,False,journaling,tonight
726,calm,4.0,0.38653295114566216,False,breathing,now
727,overwhelmed,3.0,0.4701711569412063,False,journaling,tonight
728,focused,3.0,0.3300019504561129,False,journaling,tonight
729,focused,2.0,0.4454562923199886,False,journaling,tonight
730,overwhelmed,3.0,0.51992122410208,False,journaling,tonight
731,neutral,4.0,0.32684353194583826,False,breathing,now
732,overwhelmed,4.0,0.5366479342191269,False,breathing,now
733,focused,3.0,0.663601952328528,False,journaling,tonight
734,restless,3.0,0.31442976211125734,False,journaling,tonight
735,calm,3.0,0.4846258714118465,False,journaling,tonight
736,calm,4.0,0.40258899551457555,False,journaling,tonight
737,focused,3.0,0.5278660065741029,False,journaling,tonight
738,neutral,2.0,0.49928619154020354,False,journaling,tonight
739,restless,4.0,0.712782172273447,False,journaling,tonight
740,focused,2.0,0.44546971434975,False,journaling,tonight
741,mixed,3.0,0.7301161938977991,False,journaling,tonight
742,mixed,3.0,0.614849728501733,False,journaling,tonight
743,overwhelmed,5.0,0.4928948277889828,False,breathing,now
744,neutral,2.0,0.6441047489262318,False,journaling,tonight
745,calm,2.0,0.3568468440562716,False,journaling,tonight
746,overwhelmed,3.0,0.44537702743327284,False,journaling,tonight
747,mixed,3.0,0.3211082889627178,False,journaling,tonight
748,mixed,3.0,0.3211082889627178,False,journaling,tonight
749,mixed,3.0,0.5195325070023303,False,journaling,tonight
750,neutral,3.0,0.19285412927085294,False,journaling,tonight
751,calm,3.0,0.42390966080505804,False,journaling,tonight
752,mixed,4.0,0.5873904799122258,False,breathing,now
753,mixed,2.0,0.5683482895428467,False,journaling,tonight
754,focused,2.0,0.4511403375657018,False,journaling,tonight
755,neutral,2.0,0.4380350735163747,False,journaling,tonight
756,mixed,2.0,0.6225077979163113,False,journaling,tonight
757,restless,5.0,0.4003385651152569,False,breathing,now
758,mixed,4.0,0.7798561834445209,False,breathing,now
759,overwhelmed,2.0,0.6262692380615714,False,journaling,tonight
760,focused,2.0,0.41760791743139525,False,journaling,tonight
761,focused,3.0,0.5103059340352775,False,journaling,tonight
762,focused,4.0,0.47393059882639504,False,journaling,tonight
763,neutral,3.0,0.5180469492073485,False,journaling,tonight
764,overwhelmed,3.0,0.36934294671259915,False,journaling,tonight
765,focused,3.0,0.43392182898687526,False,journaling,tonight
766,mixed,4.0,0.44588966903530797,False,breathing,now
767,neutral,4.0,0.7091174175149498,False,breathing,now
768,overwhelmed,2.0,0.19916839382982002,False,journaling,tonight
769,overwhelmed,3.0,0.5308698536136843,False,journaling,tonight
770,neutral,3.0,0.4968720757703758,False,journaling,tonight
771,neutral,3.0,0.4023604487013,False,journaling,tonight
772,restless,4.0,0.2610685872255749,False,journaling,tonight
773,calm,3.0,0.519743193966953,False,journaling,tonight
774,neutral,3.0,0.2760069050343197,False,journaling,tonight
775,restless,4.0,0.5869435908221894,False,journaling,tonight
776,restless,2.0,0.49003715981490864,False,journaling,tonight
777,restless,2.0,0.4575003555295203,False,journaling,tonight
778,calm,3.0,0.4846258714118465,False,journaling,tonight
779,calm,4.0,0.48665662256185,False,journaling,tonight
780,overwhelmed,2.0,0.576311850681719,False,journaling,tonight
781,overwhelmed,2.0,0.39329470851283144,False,journaling,tonight
782,restless,3.0,0.5492544860774333,False,journaling,tonight
783,calm,3.0,0.4846258714118465,False,journaling,tonight
784,focused,2.0,0.6382218945428593,False,journaling,tonight
785,neutral,4.0,0.7210285097542806,False,breathing,now
786,mixed,4.0,0.4921175762785526,False,journaling,tonight
787,overwhelmed,2.0,0.6782648714936197,False,journaling,tonight
788,restless,3.0,0.48934411458570604,False,journaling,tonight
789,restless,4.0,0.6829598131414214,False,journaling,tonight
790,restless,2.0,0.46520520643612584,False,journaling,tonight
791,neutral,4.0,0.41002295532698857,False,breathing,now
792,calm,3.0,0.6255463956274889,False,journaling,tonight
793,restless,4.0,0.3092836896764059,False,journaling,tonight
794,mixed,4.0,0.648551768308775,False,journaling,tonight
795,focused,4.0,0.3567836841298165,False,journaling,tonight
796,mixed,3.0,0.5463284152134642,False,journaling,tonight
797,mixed,3.0,0.3080661999742701,False,journaling,tonight
798,mixed,3.0,0.3080661999742701,False,journaling,tonight
799,mixed,4.0,0.3194282164463614,False,journaling,tonight
800,overwhelmed,3.0,0.47126403800437755,False,journaling,tonight
801,focused,3.0,0.5695256418236129,False,journaling,tonight
802,mixed,3.0,0.3115438957936605,False,journaling,tonight
803,calm,2.0,0.5091389541217467,False,journaling,tonight
804,calm,3.0,0.6721828530773266,False,journaling,tonight
805,overwhelmed,3.0,0.43438295060500304,False,journaling,tonight
806,mixed,3.0,0.3211082889627178,False,journaling,tonight
807,mixed,4.0,0.3016982794025331,False,journaling,tonight
808,restless,3.0,0.5411788951964525,False,journaling,tonight
809,mixed,2.0,0.5003190624202905,False,journaling,tonight
810,overwhelmed,2.0,0.19916839382982002,False,journaling,tonight
811,mixed,3.0,0.3080661999742701,False,journaling,tonight
812,mixed,2.0,0.5602627633446279,False,journaling,tonight
813,mixed,2.0,0.6308821515438955,False,journaling,tonight
814,calm,3.0,0.2878632131574457,False,journaling,tonight
815,focused,4.0,0.39469346459518406,False,breathing,now
816,calm,2.0,0.46007341206379754,False,journaling,tonight
817,neutral,3.0,0.4027498523070288,False,journaling,tonight
818,restless,4.0,0.4349201626380451,False,breathing,now
819,focused,4.0,0.2776259715228653,False,breathing,now
820,calm,3.0,0.38515918873353294,False,journaling,tonight
821,focused,2.0,0.5385471352874157,False,journaling,tonight
822,focused,4.0,0.5087007514151445,False,journaling,tonight
823,overwhelmed,2.0,0.3399477061315064,False,journaling,tonight
824,overwhelmed,4.0,0.4951986505516928,False,journaling,tonight
825,focused,4.0,0.34286339871442717,False,breathing,now
826,focused,4.0,0.5645395696652847,False,journaling,tonight
827,mixed,3.0,0.3080661999742701,False,journaling,tonight
828,overwhelmed,2.0,0.5197211756584751,False,journaling,tonight
829,mixed,2.0,0.36714375290564144,False,journaling,tonight
830,neutral,4.0,0.5894224145938431,False,journaling,tonight
831,focused,3.0,0.271004139888694,False,journaling,tonight
832,focused,4.0,0.5963671107273312,False,journaling,tonight
833,mixed,3.0,0.3080661999742701,False,journaling,tonight
834,neutral,4.0,0.2635310753504507,False,breathing,now
835,restless,5.0,0.3308837165001647,False,breathing,now
836,restless,4.0,0.37891983815407987,False,journaling,tonight
837,mixed,3.0,0.37188121737575724,False,journaling,tonight
838,overwhelmed,3.0,0.31155249913488153,False,journaling,tonight
839,overwhelmed,3.0,0.2814125617969381,False,journaling,tonight
840,calm,3.0,0.3698896549255828,False,journaling,tonight
841,focused,2.0,0.41110877832498466,False,journaling,tonight
842,overwhelmed,3.0,0.5169018592681962,False,journaling,tonight
843,neutral,5.0,0.5582737212903501,False,breathing,now
844,mixed,4.0,0.7016663440908425,False,breathing,now
845,restless,4.0,0.43613644162701076,False,journaling,tonight
846,calm,3.0,0.5865197043355183,False,journaling,tonight
847,mixed,2.0,0.5496469130828151,False,journaling,tonight
848,focused,4.0,0.34286339871442717,False,breathing,now
849,neutral,3.0,0.5375470585543758,False,journaling,tonight
850,calm,3.0,0.42390966080505804,False,journaling,tonight
851,calm,3.0,0.4846258714118465,False,journaling,tonight
852,mixed,4.0,0.3016982794025331,False,journaling,tonight
853,overwhelmed,3.0,0.36934294671259915,False,journaling,tonight
854,restless,4.0,0.35769293946130437,False,journaling,tonight
855,calm,2.0,0.6154995273863149,False,journaling,tonight
856,neutral,3.0,0.5640806473002764,False,journaling,tonight
857,overwhelmed,3.0,0.36934294671259915,False,journaling,tonight
858,mixed,2.0,0.45637533243606343,False,journaling,tonight
859,mixed,2.0,0.6204438138557751,False,journaling,tonight
860,restless,4.0,0.6974011157390387,False,breathing,now
861,focused,3.0,0.4468169375543029,False,journaling,tonight
862,mixed,4.0,0.4289406010662288,False,breathing,now
863,mixed,3.0,0.3211082889627178,False,journaling,tonight
864,calm,3.0,0.3129648678114206,False,journaling,tonight
865,neutral,4.0,0.47119273365468584,False,journaling,tonight
866,calm,3.0,0.43539014750622346,False,journaling,tonight
867,restless,4.0,0.4336599219778467,False,breathing,now
868,calm,3.0,0.4846258714118465,False,journaling,tonight
869,overwhelmed,2.0,0.19916839382982002,False,journaling,tonight
870,mixed,4.0,0.3016982794025331,False,journaling,tonight
871,neutral,2.0,0.5242084417564332,False,journaling,tonight
872,focused,2.0,0.5155434557282286,False,journaling,tonight
873,restless,2.0,0.4374709510932054,False,journaling,tonight
874,neutral,4.0,0.5057064716747014,False,journaling,tonight
875,calm,3.0,0.4846258714118465,False,journaling,tonight
876,focused,2.0,0.5100635463721735,False,journaling,tonight
877,restless,3.0,0.48934411458570604,False,journaling,tonight
878,overwhelmed,3.0,0.685474678366432,False,journaling,tonight
879,neutral,4.0,0.4880460873157383,False,journaling,tonight
880,overwhelmed,3.0,0.3965382104078876,False,journaling,tonight
881,calm,4.0,0.3852399335930707,False,journaling,tonight
882,overwhelmed,3.0,0.5569844660229373,False,journaling,tonight
883,overwhelmed,3.0,0.4114243184464607,False,journaling,tonight
884,mixed,3.0,0.3080661999742701,False,journaling,tonight
885,calm,2.0,0.4888748355133003,False,journaling,tonight
886,neutral,3.0,0.5420472300066203,False,journaling,tonight
887,overwhelmed,3.0,0.36934294671259915,False,journaling,tonight
888,neutral,4.0,0.3426569668448705,False,journaling,tonight
889,overwhelmed,4.0,0.4869866648471631,False,journaling,tonight
890,calm,3.0,0.4846258714118465,False,journaling,tonight
891,calm,3.0,0.5291017350436031,False,journaling,tonight
892,overwhelmed,4.0,0.5150878290938441,False,journaling,tonight
893,neutral,2.0,0.200770030474954,False,journaling,tonight
894,restless,4.0,0.4772697712063056,False,breathing,now
895,calm,4.0,0.48404224436633503,False,breathing,now
896,restless,5.0,0.6381437979263613,False,breathing,now
897,calm,4.0,0.530721650818672,False,journaling,tonight
898,mixed,4.0,0.6123396678546004,False,journaling,tonight
899,calm,4.0,0.5104155243219192,False,journaling,tonight
900,restless,4.0,0.4126648502650779,False,journaling,tonight
901,overwhelmed,3.0,0.2814125617969381,False,journaling,tonight
902,restless,2.0,0.5563157914713753,False,journaling,tonight
903,restless,4.0,0.3644960835637766,False,breathing,now
904,overwhelmed,2.0,0.6944577473496251,False,journaling,tonight
905,overwhelmed,4.0,0.5733570286401698,False,breathing,now
906,focused,4.0,0.5743580761423361,False,breathing,now
907,restless,4.0,0.4714367723011787,False,journaling,tonight
908,overwhelmed,3.0,0.4881374094748174,False,journaling,tonight
909,focused,4.0,0.5911318068739531,False,journaling,tonight
910,overwhelmed,3.0,0.2814125617969381,False,journaling,tonight
911,focused,3.0,0.6312994567508653,False,journaling,tonight
912,overwhelmed,4.0,0.38817773586586296,False,breathing,now
913,focused,3.0,0.598700948004618,False,journaling,tonight
914,overwhelmed,3.0,0.36934294671259915,False,journaling,tonight
915,restless,4.0,0.33962093162228074,False,breathing,now
916,mixed,3.0,0.6075705897391829,False,journaling,tonight
917,mixed,3.0,0.5399550387959157,False,journaling,tonight
918,calm,3.0,0.6758613351289976,False,journaling,tonight
919,restless,4.0,0.6287485568250946,False,journaling,tonight
920,restless,4.0,0.35769293946130437,False,journaling,tonight
921,overwhelmed,4.0,0.611358704463938,False,journaling,tonight
922,calm,3.0,0.42390966080505804,False,journaling,tonight
923,neutral,3.0,0.36556877875606286,False,journaling,tonight
924,overwhelmed,3.0,0.463610521305882,False,journaling,tonight
925,restless,3.0,0.5567776301270163,False,journaling,tonight
926,mixed,3.0,0.3211082889627178,False,journaling,tonight
927,calm,3.0,0.40447010060967725,False,journaling,tonight
928,overwhelmed,4.0,0.4032121957806677,False,journaling,tonight
929,neutral,3.0,0.6597417621847068,False,journaling,tonight
930,overwhelmed,2.0,0.4959544425776024,False,journaling,tonight
931,focused,4.0,0.6457868779839543,False,journaling,tonight
932,restless,4.0,0.5122381028044489,False,breathing,now
933,focused,4.0,0.3492285139958881,False,journaling,tonight
934,overwhelmed,2.0,0.5433094727108279,False,journaling,tonight
935,overwhelmed,3.0,0.2814125617969381,False,journaling,tonight
936,restless,3.0,0.48526853016375016,False,journaling,tonight
937,mixed,4.0,0.5429994886914249,False,journaling,tonight
938,mixed,3.0,0.3080661999742701,False,journaling,tonight
939,mixed,2.0,0.2580481792989648,False,journaling,tonight
940,overwhelmed,3.0,0.7117216790343469,False,journaling,tonight
941,neutral,3.0,0.5842241863228529,False,journaling,tonight
942,overwhelmed,3.0,0.5024605875282185,False,journaling,tonight
943,overwhelmed,2.0,0.6919694063388129,False,journaling,tonight
944,restless,3.0,0.5467143158085513,False,journaling,tonight
945,neutral,3.0,0.19285412927085294,False,journaling,tonight
946,overwhelmed,4.0,0.36505326721991266,False,journaling,tonight
947,calm,4.0,0.6032398747729777,False,breathing,now
948,mixed,3.0,0.3211082889627178,False,journaling,tonight
949,mixed,4.0,0.4556784338361339,False,breathing,now
950,mixed,3.0,0.5443231712385455,False,journaling,tonight
951,mixed,3.0,0.597356438230335,False,journaling,tonight
952,calm,2.0,0.7051301366017698,False,journaling,tonight
953,overwhelmed,2.0,0.668978690253499,False,journaling,tonight
954,overwhelmed,3.0,0.46416618678205784,False,journaling,tonight
955,mixed,2.0,0.622213734185911,False,journaling,tonight
956,focused,4.0,0.39514725866081524,False,journaling,tonight
957,calm,1.0,0.2508232316309436,False,journaling,tonight
958,overwhelmed,4.0,0.4774518740610252,False,breathing,now
959,overwhelmed,4.0,0.5102358811361359,False,journaling,tonight
960,mixed,3.0,0.5677357467423897,False,journaling,tonight
961,overwhelmed,3.0,0.5443534178932725,False,journaling,tonight
962,neutral,2.0,0.4906742848021989,False,journaling,tonight
963,restless,3.0,0.3581463329624108,False,journaling,tonight
964,neutral,4.0,0.5494344822711545,False,breathing,now
965,calm,3.0,0.27655139316126026,False,journaling,tonight
966,mixed,3.0,0.3211082889627178,False,journaling,tonight
967,calm,4.0,0.6094324378720967,False,journaling,tonight
968,overwhelmed,3.0,0.6010958363172495,False,journaling,tonight
969,restless,3.0,0.48934411458570604,False,journaling,tonight
970,restless,4.0,0.23221870910345585,False,breathing,now
971,calm,3.0,0.4846258714118465,False,journaling,tonight
972,restless,4.0,0.384596123583092,False,breathing,now
973,restless,3.0,0.5693290586641435,False,journaling,tonight
974,focused,2.0,0.6419183898382177,False,journaling,tonight
975,overwhelmed,2.0,0.5030830349501159,False,journaling,tonight
976,mixed,3.0,0.3211082889627178,False,journaling,tonight
977,focused,2.0,0.578238236325808,False,journaling,tonight
978,calm,2.0,0.2554892551284488,False,journaling,tonight
979,calm,3.0,0.27655139316126026,False,journaling,tonight
980,mixed,2.0,0.2580481792989648,False,journaling,tonight
981,mixed,3.0,0.4331300234786028,False,journaling,tonight
982,neutral,3.0,0.30977294777330094,False,journaling,tonight
983,calm,4.0,0.3609949589886233,False,breathing,now
984,calm,3.0,0.27655139316126026,False,journaling,tonight
985,calm,3.0,0.4846258714118465,False,journaling,tonight
986,focused,2.0,0.41760791743139525,False,journaling,tonight
987,focused,5.0,0.5639493720877409,False,breathing,now
988,mixed,5.0,0.729868591803926,False,breathing,now
989,neutral,4.0,0.5543508370873073,False,journaling,tonight
990,restless,2.0,0.5254511074227224,False,journaling,tonight
991,overwhelmed,4.0,0.48772177907904063,False,journaling,tonight
992,mixed,2.0,0.2580481792989648,False,journaling,tonight
993,calm,4.0,0.5295229890578299,False,breathing,now
994,overwhelmed,1.0,0.48832066164587906,False,journaling,tonight
995,overwhelmed,3.0,0.2814125617969381,False,journaling,tonight
996,restless,4.0,0.35769293946130437,False,journaling,tonight
997,mixed,3.0,0.6365402311360596,False,journaling,tonight
998,overwhelmed,4.0,0.6339583071858987,False,journaling,tonight
999,neutral,4.0,0.6178274913525994,False,journaling,tonight
1000,mixed,3.0,0.41913155877037434,False,journaling,tonight
1001,focused,2.0,0.3751036553620997,False,journaling,tonight
1002,restless,2.0,0.4768735877813272,False,journaling,tonight
1003,restless,4.0,0.47951487109594937,False,breathing,now
1004,neutral,4.0,0.5775122805324455,False,journaling,tonight
1005,calm,4.0,0.39267925529724934,False,breathing,now
1006,neutral,5.0,0.4443380526004933,False,breathing,now
1007,mixed,2.0,0.6833660163387999,False,journaling,tonight
1008,calm,4.0,0.4564211490843514,False,journaling,tonight
1009,mixed,2.0,0.647333783889834,False,journaling,tonight
1010,neutral,2.0,0.29976624506683214,False,journaling,tonight
1011,neutral,2.0,0.678983043158301,False,journaling,tonight
1012,focused,2.0,0.30561522881466796,False,journaling,tonight
1013,focused,1.0,0.5902602341132361,False,journaling,tonight
1014,calm,3.0,0.42390966080505804,False,journaling,tonight
1015,mixed,3.0,0.3080661999742701,False,journaling,tonight
1016,restless,4.0,0.35769293946130437,False,journaling,tonight
1017,overwhelmed,1.0,0.6234559640775252,False,journaling,tonight
1018,calm,3.0,0.4833343730515353,False,journaling,tonight
1019,neutral,4.0,0.5774263272866884,False,journaling,tonight
1020,overwhelmed,3.0,0.4723128497004598,False,journaling,tonight
1021,calm,4.0,0.51194791065573,False,journaling,tonight
1022,restless,4.0,0.550003620472325,False,journaling,tonight
1023,mixed,4.0,0.3460800107539818,False,breathing,now
1024,overwhelmed,4.0,0.4147648751292458,False,breathing,now
1025,neutral,3.0,0.5492798787211682,False,journaling,tonight
1026,focused,2.0,0.6885157295312896,False,journaling,tonight
1027,mixed,4.0,0.7339934256081179,False,breathing,now
1028,restless,4.0,0.4890883685440492,False,breathing,now
1029,neutral,4.0,0.662001407644042,False,breathing,now
1030,mixed,4.0,0.47862162086852533,False,breathing,now
1031,restless,2.0,0.5234209408681909,False,journaling,tonight
1032,restless,3.0,0.48934411458570604,False,journaling,tonight
1033,calm,2.0,0.41659829943938564,False,journaling,tonight
1034,neutral,3.0,0.4832839186358097,False,journaling,tonight
1035,calm,3.0,0.613703914928642,False,journaling,tonight
1036,neutral,3.0,0.19285412927085294,False,journaling,tonight
1037,calm,3.0,0.42390966080505804,False,journaling,tonight
1038,neutral,4.0,0.508366073747337,False,breathing,now
1039,mixed,2.0,0.41587156695300204,False,journaling,tonight
1040,restless,2.0,0.38656224412536067,False,journaling,tonight
1041,mixed,4.0,0.3016982794025331,False,journaling,tonight
1042,mixed,2.0,0.6653426109236614,False,journaling,tonight
1043,mixed,2.0,0.4383244824014374,False,journaling,tonight
1044,restless,4.0,0.5798232964703003,False,journaling,tonight
1045,focused,4.0,0.5867727004449051,False,breathing,now
1046,neutral,5.0,0.6000362641345992,False,breathing,now
1047,neutral,5.0,0.3632777562644821,False,breathing,now
1048,focused,2.0,0.41760791743139525,False,journaling,tonight
1049,overwhelmed,4.0,0.43729731877709316,False,breathing,now
1050,mixed,2.0,0.2580481792989648,False,journaling,tonight
1051,neutral,3.0,0.4268494194225208,False,journaling,tonight
1052,calm,3.0,0.42390966080505804,False,journaling,tonight
1053,overwhelmed,3.0,0.2814125617969381,False,journaling,tonight
1054,mixed,4.0,0.6318816004308435,False,breathing,now
1055,mixed,4.0,0.3016982794025331,False,journaling,tonight
1056,restless,3.0,0.48117381343106524,False,journaling,tonight
1057,neutral,5.0,0.7527535015221203,False,breathing,now
1058,mixed,4.0,0.262164560914629,False,breathing,now
1059,neutral,4.0,0.4483385380338798,False,breathing,now
1060,calm,2.0,0.38560771281662537,False,journaling,tonight
1061,focused,2.0,0.4438824969659121,False,journaling,tonight
1062,neutral,4.0,0.3868696774003071,False,breathing,now
1063,neutral,4.0,0.5758259927440114,False,journaling,tonight
1064,neutral,3.0,0.5310296474570454,False,journaling,tonight
1065,focused,4.0,0.34286339871442717,False,breathing,now
1066,neutral,3.0,0.6018136318495304,False,journaling,tonight
1067,mixed,4.0,0.5804644453863425,False,journaling,tonight
1068,mixed,3.0,0.3211082889627178,False,journaling,tonight
1069,calm,3.0,0.27655139316126026,False,journaling,tonight
1070,neutral,2.0,0.6000861827476043,False,journaling,tonight
1071,mixed,4.0,0.6686977885480523,False,journaling,tonight
1072,overwhelmed,3.0,0.36934294671259915,False,journaling,tonight
1073,calm,5.0,0.35562100271433544,False,breathing,now
1074,calm,3.0,0.4846258714118465,False,journaling,tonight
1075,overwhelmed,3.0,0.2814125617969381,False,journaling,tonight
1076,calm,4.0,0.5277073396118904,False,breathing,now
1077,calm,2.0,0.429670704534762,False,journaling,tonight
1078,overwhelmed,2.0,0.19916839382982002,False,journaling,tonight
1079,neutral,4.0,0.5494344822711545,False,breathing,now
1080,mixed,4.0,0.6606741615015346,False,journaling,tonight
